figure,matching_table,status,manuscript_location
outputs/docuscope/categories/top_20_docuscope_categories.png,outputs/docuscope/categories/top_20_docuscope_categories.csv,pending_author_selection,
outputs/docuscope/moving_average/docuscope_moving_average_25.png,outputs/docuscope/moving_average/docuscope_moving_average_25.csv,pending_author_selection,
outputs/docuscope/moving_average/docuscope_moving_average_25_majority.png,See analysis folder; variants may share a table,pending_author_selection,
outputs/docuscope/moving_average/docuscope_moving_average_25_majority_citation_forceful_confidence.png,See analysis folder; variants may share a table,pending_author_selection,
outputs/docuscope/moving_average/docuscope_moving_average_25_middle.png,See analysis folder; variants may share a table,pending_author_selection,
outputs/docuscope/moving_average/docuscope_moving_average_25_middle_citation_forceful_confidence.png,See analysis folder; variants may share a table,pending_author_selection,
outputs/docuscope/moving_average/docuscope_moving_average_25_models_compared_citation_majority.png,See analysis folder; variants may share a table,pending_author_selection,
outputs/docuscope/moving_average/docuscope_moving_average_25_models_compared_citation_majority_by_length.png,See analysis folder; variants may share a table,pending_author_selection,
outputs/docuscope/moving_average/docuscope_moving_average_25_models_compared_citation_middle.png,See analysis folder; variants may share a table,pending_author_selection,
outputs/docuscope/moving_average/docuscope_moving_average_25_models_compared_citation_middle_by_length.png,See analysis folder; variants may share a table,pending_author_selection,
outputs/docuscope/moving_average/docuscope_moving_average_25_models_compared_confidence_majority.png,See analysis folder; variants may share a table,pending_author_selection,
outputs/docuscope/moving_average/docuscope_moving_average_25_models_compared_confidence_majority_by_length.png,See analysis folder; variants may share a table,pending_author_selection,
outputs/docuscope/moving_average/docuscope_moving_average_25_models_compared_confidence_middle.png,See analysis folder; variants may share a table,pending_author_selection,
outputs/docuscope/moving_average/docuscope_moving_average_25_models_compared_confidence_middle_by_length.png,See analysis folder; variants may share a table,pending_author_selection,
outputs/docuscope/moving_average/docuscope_moving_average_25_models_compared_description.png,See analysis folder; variants may share a table,pending_author_selection,
outputs/docuscope/moving_average/docuscope_moving_average_25_models_compared_description_majority.png,See analysis folder; variants may share a table,pending_author_selection,
outputs/docuscope/moving_average/docuscope_moving_average_25_models_compared_description_majority_by_length.png,See analysis folder; variants may share a table,pending_author_selection,
outputs/docuscope/moving_average/docuscope_moving_average_25_models_compared_description_middle.png,See analysis folder; variants may share a table,pending_author_selection,
outputs/docuscope/moving_average/docuscope_moving_average_25_models_compared_description_middle_by_length.png,See analysis folder; variants may share a table,pending_author_selection,
outputs/docuscope/moving_average/docuscope_moving_average_25_models_compared_exposition.png,See analysis folder; variants may share a table,pending_author_selection,
outputs/docuscope/moving_average/docuscope_moving_average_25_models_compared_exposition_majority.png,See analysis folder; variants may share a table,pending_author_selection,
outputs/docuscope/moving_average/docuscope_moving_average_25_models_compared_exposition_majority_by_length.png,See analysis folder; variants may share a table,pending_author_selection,
outputs/docuscope/moving_average/docuscope_moving_average_25_models_compared_exposition_middle.png,See analysis folder; variants may share a table,pending_author_selection,
outputs/docuscope/moving_average/docuscope_moving_average_25_models_compared_exposition_middle_by_length.png,See analysis folder; variants may share a table,pending_author_selection,
outputs/docuscope/moving_average/docuscope_moving_average_25_models_compared_forceful_majority.png,See analysis folder; variants may share a table,pending_author_selection,
outputs/docuscope/moving_average/docuscope_moving_average_25_models_compared_forceful_majority_by_length.png,See analysis folder; variants may share a table,pending_author_selection,
outputs/docuscope/moving_average/docuscope_moving_average_25_models_compared_forceful_middle.png,See analysis folder; variants may share a table,pending_author_selection,
outputs/docuscope/moving_average/docuscope_moving_average_25_models_compared_forceful_middle_by_length.png,See analysis folder; variants may share a table,pending_author_selection,
outputs/docuscope/moving_average/docuscope_moving_average_25_models_compared_narrative.png,See analysis folder; variants may share a table,pending_author_selection,
outputs/docuscope/moving_average/docuscope_moving_average_25_models_compared_narrative_majority.png,See analysis folder; variants may share a table,pending_author_selection,
outputs/docuscope/moving_average/docuscope_moving_average_25_models_compared_narrative_majority_by_length.png,See analysis folder; variants may share a table,pending_author_selection,
outputs/docuscope/moving_average/docuscope_moving_average_25_models_compared_narrative_middle.png,See analysis folder; variants may share a table,pending_author_selection,
outputs/docuscope/moving_average/docuscope_moving_average_25_models_compared_narrative_middle_by_length.png,See analysis folder; variants may share a table,pending_author_selection,
outputs/docuscope/moving_average/docuscope_moving_average_25_models_compared_negative.png,See analysis folder; variants may share a table,pending_author_selection,
outputs/docuscope/moving_average/docuscope_moving_average_25_models_compared_negative_majority.png,See analysis folder; variants may share a table,pending_author_selection,
outputs/docuscope/moving_average/docuscope_moving_average_25_models_compared_negative_majority_by_length.png,See analysis folder; variants may share a table,pending_author_selection,
outputs/docuscope/moving_average/docuscope_moving_average_25_models_compared_negative_middle.png,See analysis folder; variants may share a table,pending_author_selection,
outputs/docuscope/moving_average/docuscope_moving_average_25_models_compared_negative_middle_by_length.png,See analysis folder; variants may share a table,pending_author_selection,
outputs/docuscope/token_tags/top_20_token_tags.png,outputs/docuscope/token_tags/top_20_token_tags.csv,pending_author_selection,
outputs/mattr/mattr_500.png,outputs/mattr/mattr_500.csv,pending_author_selection,
outputs/mattr/mattr_moving_average_500.png,outputs/mattr/mattr_moving_average_500.csv,pending_author_selection,
outputs/mattr/mattr_moving_average_500_majority.png,See analysis folder; variants may share a table,pending_author_selection,
outputs/mattr/mattr_moving_average_500_majority_by_length.png,See analysis folder; variants may share a table,pending_author_selection,
outputs/mattr/mattr_moving_average_500_middle.png,See analysis folder; variants may share a table,pending_author_selection,
outputs/mattr/mattr_moving_average_500_middle_by_length.png,See analysis folder; variants may share a table,pending_author_selection,
outputs/pos/pos_tag_deltas.png,outputs/pos/pos_tag_deltas.csv,pending_author_selection,
outputs/pos/pos_tag_distribution.png,outputs/pos/pos_tag_distribution.csv,pending_author_selection,
